Employee Id, Full Name, Gender, Date of Birth, Joined Date, Salary (USD), Branch,Country
EN_0001, Aditi Musunur, Male, 1990-03-24, 2011-07-05,1500,Colombo, Sri Lanka
EN_0002, Advitiya Sujeet, Male, 1986-07-28, 2010-03-24,1600,Trinco, Sri Lanka
EN_0003, Alagesan Poduri, Male, 1982-05-25, 2016-06-24,1800,Kalutara, Sri Lanka
EN_0004, Amrish Ilyas, Female, 1987-10-24, 2013-12-17,2000,Delhi, India
EN_0005, Aprativirya Seshan, Female, 1981-12-16, 2012-03-14,1750,Patna, India
EN_0006, Asvathama Ponnada, Male, 1986-01-09, 2014-06-18,2300,Lahore, Pakistan
EN_0007, Avantas Ghosal, Female, 1981-10-05, 2016-08-26,4200,Karachi, Pakistan
EN_0008, Avidosa Vaisakhi, Male, 1980-08-09, 2018-03-05,3100,Dhaka, Bangladesh
EN_0009, Barsati Sandipa, Male, 1988-04-09, 2011-05-03,2925,Khulna, Bangladesh
EN_0010, Debasis Sundhararajan, Female, 1990-03-26, 2015-05-18,2800,Tongi, Bangladesh
EN_0011, Kasun Sanjeewa, Male, 1990-03-27, 2011-06-10,3000,Colombo,Sri Lanka
EN_0012, Pasindu Jayathilake, Male, 1993-02-10, 2015-05-18,4000,Avissawella,Sri Lanka
EN_0013, Isuru Nishan, Male, 1993-02-11, 2015-05-19,5000,Hanwella,Sri Lanka
EN_0014, Jayana Muhandiram, Female, 1993-09-25, 2015-05-20,6000,Hanwella,Sri Lanka
EN_0015, Nihara Jayasinghe, Male, 1993-11-21, 2015-05-21,6000,Hanwella,Sri Lanka
EN_0016, Harsha Wijesinghe, Male, 1990-01-10, 2015-05-22,6000,Hanwella,Sri Lanka
EN_0017, Rovin Thissera, Male, 1990-01-11, 2015-05-23,6000,Hanwella,Sri Lanka
EN_0018, Manuja Hiran, Male, 1990-01-12, 2015-05-24,6000,Hanwella,Sri Lanka
EN_0019, Kalana Peris, Male, 1990-01-13, 2015-05-25,6000,Hanwella,Sri Lanka
EN_0020, Niyomal Padukka, Male, 1990-01-14, 2015-05-26,6000,Hanwella,Sri Lanka
EN_0021, Virat Kholi, Male, 1990-01-15, 2015-05-27,6000,Delhi, India
EN_0022, Rohith Sharma, Male, 1990-01-16, 2015-05-28,6000,Delhi, India
EN_0023, Lokesh Rahul, Male, 1990-01-17, 2015-05-29,6000,Delhi, India
EN_0024, Varun Dhawan, Male, 1990-01-18, 2015-05-30,6000,Delhi, India
EN_0025, Jasprit Bumrah, Male, 1990-01-19, 2015-06-01,6000,Delhi, India
EN_0026, Ishant Sharma, Male, 1990-01-20, 2015-06-02,6000,Delhi, India
EN_0027, Yuvaraj Singh, Male, 1990-01-21, 2015-06-03,6000,Delhi, India
EN_0028, Mohith Sharma, Male, 1990-01-22, 2015-06-04,6000,Delhi, India
EN_0029, Hardik Pandya, Male, 1990-01-23, 2015-06-05,6000,Delhi, India
EN_0030, Krunal Pandya, Male, 1990-01-24, 2015-06-06,6000,Delhi, India
EN_0031, Abhimanyu Mithun, Male, 1990-01-25, 2015-06-07,6000,Delhi, India
EN_0032, Ravindra Jadeja, Male, 1990-01-26, 2015-06-08,6000,Delhi, India
EN_0033, Sherash Iyer, Male, 1990-01-27, 2015-06-09,6000,Delhi, India
EN_0034, Mohommad Shami, Male, 1990-01-28, 2015-06-10,1000,Karachi, Pakistan
EN_0035, Azar Ali, Male, 1990-01-29, 2015-06-11,1000,Karachi, Pakistan
EN_0036, Mohommad Amir, Male, 1990-01-30, 2015-06-12,1000,Karachi, Pakistan
EN_0037, Umar Gul, Male, 1990-01-31, 2015-06-13,1000,Karachi, Pakistan
EN_0038, Babar Azam, Male, 1990-03-01, 2015-06-14,1000,Karachi, Pakistan
EN_0039, Shasheen Afridi, Male, 1990-03-02, 2015-06-15,1000,Karachi, Pakistan
EN_0040, Sahid Afridi, Male, 1990-03-03, 2015-06-16,1000,Karachi, Pakistan
EN_0041, Younis Khan, Male, 1990-03-04, 2015-06-17,1000,Karachi, Pakistan
EN_0042, Mohommad Yush, Male, 1990-03-05, 2015-06-18,1000,Karachi, Pakistan
EN_0043, Yashi Shah, Male, 1990-03-06, 2015-06-19,1000,Karachi, Pakistan
EN_0044, Mohommad Malik, Male, 1990-03-07, 2015-06-20,1000,Karachi, Pakistan
EN_0045, Amisha Gul, Male, 1990-03-08, 2015-06-21,1000,Karachi, Pakistan
EN_0046, Azar Mansur, Male, 1990-03-09, 2015-06-22,1000,Karachi, Pakistan
EN_0047, Mohommad Sheshad, Male, 1990-03-10, 2015-06-23,6000,Karachi, Pakistan
EN_0048, Aladdin Khan, Male, 1990-03-11, 2015-06-24,6000,Karachi, Pakistan
EN_0049, Zahir Khan, Male, 1990-03-12, 2015-06-25,6000,Karachi, Pakistan
EN_0050, Malik Mansur, Male, 1990-03-13, 2015-06-26,6000,Karachi, Pakistan
EN_0051, Mohommad Azam, Male, 1990-03-14, 2015-06-27,6000,Karachi, Pakistan
EN_0052, Shaker Mohommad, Male, 1990-03-15, 2015-06-28,6000,Karachi, Pakistan
EN_0053, Ali Akbar, Male, 1990-03-16, 2015-06-29,6000,Karachi, Pakistan
EN_0054, Mohommad Akbar, Male, 1990-03-17, 2015-06-30,6000,Karachi, Pakistan
EN_0055, Khan Zing, Male, 1990-03-18, 2015-07-01,6000,Karachi, Pakistan
EN_0056, Abir Ali, Male, 1990-03-19, 2015-07-02,6000,Karachi, Pakistan
EN_0057, Ali Khan, Male, 1990-03-20, 2015-07-03,2500,Karachi, Pakistan
EN_0058, Ameena Mohommad, Female, 1990-03-21, 2015-07-04,2500,Karachi, Pakistan
EN_0059, Ameena Ali, Female, 1990-03-22, 2015-07-05,2500,Karachi, Pakistan
EN_0060, Ali Ameena, Female, 1990-03-23, 2015-07-06,2500,Karachi, Pakistan
EN_0061, Fathima Mansur, Female, 1990-03-24, 2015-07-07,3500,Karachi, Pakistan
EN_0062, Mohommad Fathima, Female, 1990-03-25, 2015-07-08,2500,Karachi, Pakistan
EN_0063, Amisha Khan, Female, 1990-03-26, 2015-07-09,2500,Karachi, Pakistan
EN_0064, Fathima Ameena, Female, 1990-03-27, 2015-07-10,2500,Karachi, Pakistan
EN_0065, Ferosh Ameena, Female, 1990-03-28, 2015-07-11,2500,Karachi, Pakistan
EN_0066, Mohommad Alina, Female, 1990-03-29, 2015-07-12,2500,Karachi, Pakistan
EN_0067, Mohommad Khan, Male, 1990-03-30, 2015-07-13,2500,Karachi, Pakistan
EN_0068, Mohommad Rahim, Male, 1990-03-31, 2015-07-14,2500,Karachi, Pakistan
EN_0069, Mohommada Mortaza, Male, 1990-04-01, 2015-07-15,2500,Karachi, Pakistan
EN_0070, Mohommad Shakib, Male, 1990-04-02, 2015-07-16,2500,Karachi, Pakistan
EN_0071, Shakib Ali, Male, 1990-04-03, 2015-07-17,6000,Karachi, Pakistan
EN_0072, Rahim Ali, Male, 1990-04-04, 2015-07-18,6000,Karachi, Pakistan
EN_0073, Ali Shakib, Male, 1990-04-05, 2015-07-19,6000,Karachi, Pakistan
EN_0074, Saklen Mustaq, Male, 1990-04-06, 2015-07-20,6000,Karachi, Pakistan
EN_0075, Imran Ali, Male, 1990-04-07, 2015-07-21,6000,Karachi, Pakistan
EN_0076, Shakib Alhasan, Male, 1990-04-08, 2015-07-22,6000,Dhaka, Bangladesh
EN_0077, Mushpiqu Rahim, Male, 1990-04-09, 2015-07-23,6000,Dhaka, Bangladesh
EN_0078, Tamim Iqbal, Male, 1990-04-10, 2015-07-24,6000,Dhaka, Bangladesh
EN_0079, Mohommad Rahman, Male, 1990-04-11, 2015-07-25,6000,Dhaka, Bangladesh
EN_0080, Alim Ali, Male, 1990-04-12, 2015-07-26,6000,Dhaka, Bangladesh
EN_0081, Mohommada Alim, Male, 1990-04-13, 2015-07-27,6000,Dhaka, Bangladesh
EN_0082, Kumara Munasinghe, Male, 1990-04-14, 2015-07-28,6000,Gampaha, Sri Lanka
EN_0083, Kumara Jayalath, Male, 1990-04-15, 2015-07-29,6000,Gampaha, Sri Lanka
EN_0084, Sanath Perera, Male, 1990-04-16, 2015-07-30,6000,Gampaha, Sri Lanka
EN_0085, Amali Karunathilake, Female, 1990-04-17, 2015-07-31,6000,Gampaha, Sri Lanka
EN_0086, Ishani Jayawardhana, Female, 1990-04-18, 2015-08-01,6000,Gampaha, Sri Lanka
EN_0087, Sachini Jayasinghe, Female, 1990-04-19, 2015-08-02,6000,Gampaha, Sri Lanka
EN_0088, Ishani Perera, Female, 1990-04-20, 2015-08-03,6000,Gampaha, Sri Lanka
EN_0089, Kushani Jayasuriya, Female, 1990-04-21, 2015-08-04,6000,Gampaha, Sri Lanka
EN_0090, Nathasha Siriwardhana, Female, 1990-04-22, 2015-08-05,6000,Gampaha, Sri Lanka
EN_0091, Nayomi Perera, Female, 1990-04-23, 2015-08-06,6000,Gampaha, Sri Lanka
EN_0092, Rasini Kulathunga, Female, 1990-04-24, 2015-08-07,6000,Gampaha, Sri Lanka
EN_0093, Ramesha Siriwardhana, Female, 1990-04-25, 2015-08-08,6000,Gampaha, Sri Lanka
EN_0094, Samadhi Jayathilake, Female, 1990-04-26, 2015-08-09,6000,Gampaha, Sri Lanka
EN_0095, Piyumi Muhandiram, Female, 1990-04-27, 2015-08-10,6000,Gampaha, Sri Lanka
EN_0096, Oshani Perera, Female, 1990-04-28, 2015-08-11,4000,Gampaha, Sri Lanka
EN_0097, Sanduni Jayawardhana, Female, 1990-04-29, 2015-08-12,4000,Gampaha, Sri Lanka
EN_0098, Umesha Pathirana, Female, 1990-04-30, 2015-08-13,4000,Gampaha, Sri Lanka
EN_0099, Thirani Jayasuriya, Female, 1990-05-31, 2015-08-14,4000,Gampaha, Sri Lanka
EN_0100, Thisari Perera, Female, 1990-04-10, 2015-08-15,4000,Gampaha, Sri Lanka
